{
  "custom": {},
  "events": {
    "system": {
      "onStartup": {
        "config": {
          "script": "\tsystem.perspective.toggleDock(\u0027main_view\u0027, False)"
        },
        "enabled": false,
        "scope": "G",
        "type": "script"
      }
    }
  },
  "params": {},
  "props": {
    "defaultSize": {
      "height": 200,
      "width": 1000
    }
  },
  "root": {
    "children": [
      {
        "events": {
          "component": {
            "onActionPerformed": [
              {
                "config": {
                  "id": "landing_view",
                  "type": "close"
                },
                "enabled": false,
                "scope": "C",
                "type": "dock"
              },
              {
                "config": {
                  "id": "main_view",
                  "type": "open"
                },
                "enabled": false,
                "scope": "C",
                "type": "dock"
              },
              {
                "config": {
                  "script": "\tsystem.perspective.toggleDock(\u0027main_view\u0027, True)"
                },
                "enabled": false,
                "scope": "G",
                "type": "script"
              },
              {
                "config": {
                  "params": {},
                  "view": "DFR_v7/flex_repeater"
                },
                "scope": "C",
                "type": "nav"
              }
            ]
          }
        },
        "meta": {
          "name": "Button"
        },
        "position": {
          "basis": "60px"
        },
        "props": {
          "text": "Click Here!"
        },
        "type": "ia.input.button"
      }
    ],
    "meta": {
      "name": "root"
    },
    "props": {
      "direction": "column",
      "justify": "center"
    },
    "type": "ia.container.flex"
  }
}