{
  "custom": {},
  "events": {
    "system": {
      "onStartup": {
        "config": {
          "id": "main_view",
          "type": "close"
        },
        "enabled": false,
        "scope": "C",
        "type": "dock"
      }
    }
  },
  "params": {},
  "props": {
    "defaultSize": {
      "width": 1000
    }
  },
  "root": {
    "children": [
      {
        "children": [
          {
            "meta": {
              "name": "input_fr"
            },
            "position": {
              "basis": "800px",
              "shrink": 0
            },
            "propConfig": {
              "props.instances": {
                "binding": {
                  "config": {
                    "path": "view.params.fieldsConfig"
                  },
                  "enabled": false,
                  "type": "property"
                }
              }
            },
            "props": {
              "alignContent": "flex-start",
              "alignItems": "flex-start",
              "direction": "column",
              "elementPosition": {
                "grow": 0,
                "shrink": 0
              },
              "instances": [
                {
                  "dropdown_options": [],
                  "field_type": "numeric",
                  "name": "Pressure",
                  "value": 88
                },
                {
                  "dropdown_options": [],
                  "field_type": "numeric",
                  "name": "Area",
                  "value": 33
                },
                {
                  "dropdown_options": [],
                  "field_type": "text",
                  "name": "Component",
                  "value": "Bearing"
                },
                {
                  "dropdown_options": [
                    {
                      "label": "A01",
                      "value": "A01"
                    },
                    {
                      "label": "A02",
                      "value": "A02"
                    },
                    {
                      "label": "A03",
                      "value": "A03"
                    }
                  ],
                  "field_type": "dropdown",
                  "name": "Material",
                  "value": "Option1"
                }
              ],
              "path": "DFR_v8/template_records"
            },
            "type": "ia.display.flex-repeater"
          }
        ],
        "meta": {
          "name": "input_cont"
        },
        "position": {
          "basis": "300px",
          "shrink": 0
        },
        "type": "ia.container.flex"
      },
      {
        "children": [
          {
            "events": {
              "component": {
                "onActionPerformed": [
                  {
                    "config": {
                      "script": "\timport json\n    # Retrieve input values\n\tpressure \u003d self.parent.parent.getChild(\"input_cont\").getChild(\"input_fr\").props.instances[0].value\n\tarea \u003d self.parent.parent.getChild(\"input_cont\").getChild(\"input_fr\").props.instances[1].value\n\t\n\t# Calculate force\n\tforce \u003d pressure * area\n\t\n\t# Set output value\n\tself.parent.parent.getChild(\"output_cont\").getChild(\"output_fr\").props.instances[0].value \u003d force\n\tsystem.perspective.print(\"Pressure: {}, Area: {}, Force: {}\".format(pressure, area, force))\n\t# Prepare data to send to the Django API\n\tapi_url \u003d \"http://127.0.0.1:8000/api/records/\"\n\trecord_data \u003d {\n\t    \"input_data\": {\n\t        \"pressure\": pressure,\n\t        \"area\": area\n\t    },\n\t    \"output_data\": {\n\t        \"force\": force\n\t    }\n\t}\n\t\n\t# Make POST request\n\ttry:\n\t    response \u003d system.net.httpPost(\n\t        url\u003dapi_url,\n\t        postData\u003djson.dumps(record_data),\n\t        contentType\u003d\"application/json\"\n\t    )\n\n\t    # Check and print response\n\t    try:\n\t        response_data \u003d json.loads(response)\n\t        system.perspective.print(\"Success! Response from server: {}\".format(response_data))#FIXME: UUID string too large\n\t    except ValueError:  # Handle JSON parsing error\n\t        system.perspective.print(\"Error! Could not parse response:{}\".format(response))\n\texcept Exception as e:\n\t    system.perspective.print(\"POST request failed: {}\".format(e))"
                    },
                    "scope": "G",
                    "type": "script"
                  },
                  {
                    "config": {
                      "script": "#\tdjango.get_request.fetchRecords()\n\timport system\n\timport json\n\ttry:\n\t    # API URL\n\t    api_url \u003d \"http://127.0.0.1:8000/api/records/\"\n\t\n\t    # Fetch records with a GET request\n\t    response \u003d system.net.httpGet(api_url, contentType\u003d\"application/json\")\n\t\n\t    # Parse the response\n\t    records \u003d json.loads(response)\n\t\n\t    # Return the records data\n\t    system.perspective.print(\"Fetched Records: {}\".format(records))\n\t    return records\n\t\n\texcept Exception as e:\n\t    system.perspective.print(\"Failed to fetch records: {}\".format(e))\n\t    return []"
                    },
                    "enabled": false,
                    "scope": "G",
                    "type": "script"
                  }
                ]
              }
            },
            "meta": {
              "name": "Button"
            },
            "position": {
              "basis": "450px",
              "shrink": 0
            },
            "props": {
              "image": {
                "style": {
                  "paddingTop": 20
                }
              },
              "style": {
                "marginLeft": 10
              },
              "text": "Caculate",
              "textStyle": {
                "fontSize": 20
              }
            },
            "type": "ia.input.button"
          }
        ],
        "meta": {
          "name": "calculate_cont"
        },
        "position": {
          "basis": "50px",
          "shrink": 0
        },
        "type": "ia.container.flex"
      },
      {
        "children": [
          {
            "meta": {
              "name": "output_fr"
            },
            "position": {
              "basis": "800px",
              "shrink": 0
            },
            "props": {
              "direction": "column",
              "elementPosition": {
                "grow": 0,
                "shrink": 0
              },
              "instances": [
                {
                  "dropdown_options": [
                    {
                      "label": "Option 1",
                      "value": "Option1"
                    },
                    {
                      "label": "Option 2",
                      "value": "Option2"
                    },
                    {
                      "label": "Option 3",
                      "value": "Option3"
                    }
                  ],
                  "field_type": "numeric",
                  "instancePosition": {},
                  "instanceStyle": {
                    "classes": ""
                  },
                  "name": "Force",
                  "value": 2904
                }
              ],
              "path": "DFR_v8/template_records",
              "style": {
                "marginLeft": 10,
                "marginTop": 20
              }
            },
            "type": "ia.display.flex-repeater"
          }
        ],
        "meta": {
          "name": "output_cont"
        },
        "position": {
          "basis": "300px"
        },
        "props": {
          "direction": "column",
          "justify": "space-between"
        },
        "type": "ia.container.flex"
      }
    ],
    "meta": {
      "name": "root"
    },
    "props": {
      "direction": "column"
    },
    "type": "ia.container.flex"
  }
}