{
  "custom": {},
  "params": {},
  "props": {},
  "root": {
    "children": [
      {
        "custom": {
          "records": []
        },
        "meta": {
          "name": "Table"
        },
        "position": {
          "basis": "400px"
        },
        "propConfig": {
          "props.data": {
            "binding": {
              "config": {
                "path": "this.custom.records"
              },
              "type": "property"
            }
          }
        },
        "type": "ia.display.table"
      }
    ],
    "meta": {
      "name": "root"
    },
    "props": {
      "direction": "column"
    },
    "type": "ia.container.flex"
  }
}