{
  "custom": {},
  "params": {
    "dropdown_options": [
      {
        "label": "Option 1",
        "value": "Option1"
      },
      {
        "label": "Option 2",
        "value": "Option2"
      },
      {
        "label": "Option 3",
        "value": "Option3"
      }
    ],
    "field_type": "numeric",
    "name": "value",
    "value": 66
  },
  "propConfig": {
    "params.dropdown_options": {
      "paramDirection": "input",
      "persistent": true
    },
    "params.field_type": {
      "paramDirection": "input",
      "persistent": true
    },
    "params.name": {
      "paramDirection": "input",
      "persistent": true
    },
    "params.value": {
      "paramDirection": "inout",
      "persistent": true
    }
  },
  "props": {
    "defaultSize": {
      "height": 50,
      "width": 350
    }
  },
  "root": {
    "children": [
      {
        "children": [
          {
            "meta": {
              "name": "Label"
            },
            "position": {
              "basis": "50px",
              "shrink": 0
            },
            "propConfig": {
              "props.text": {
                "binding": {
                  "config": {
                    "path": "view.params.name"
                  },
                  "type": "property"
                }
              }
            },
            "props": {
              "style": {
                "marginLeft": 8
              }
            },
            "type": "ia.display.label"
          },
          {
            "meta": {
              "name": "text"
            },
            "position": {
              "basis": "200px",
              "shrink": 0
            },
            "propConfig": {
              "props.text": {
                "binding": {
                  "config": {
                    "bidirectional": true,
                    "path": "view.params.value"
                  },
                  "type": "property"
                }
              }
            },
            "props": {
              "style": {
                "fontSize": 17,
                "height": "50px",
                "marginRight": 0,
                "textAlign": "center"
              }
            },
            "type": "ia.input.text-field"
          }
        ],
        "meta": {
          "name": "text_cont"
        },
        "position": {
          "basis": "50px",
          "shrink": 0
        },
        "propConfig": {
          "position.display": {
            "binding": {
              "config": {
                "expression": "if({view.params.field_type}\u003d\"text\",true,false)"
              },
              "type": "expr"
            }
          }
        },
        "props": {
          "alignContent": "center",
          "alignItems": "center",
          "justify": "space-between"
        },
        "type": "ia.container.flex"
      },
      {
        "children": [
          {
            "meta": {
              "name": "Label"
            },
            "position": {
              "basis": "50px",
              "shrink": 0
            },
            "propConfig": {
              "props.text": {
                "binding": {
                  "config": {
                    "path": "view.params.name"
                  },
                  "type": "property"
                }
              }
            },
            "props": {
              "style": {
                "marginLeft": 8
              }
            },
            "type": "ia.display.label"
          },
          {
            "meta": {
              "name": "numeric"
            },
            "position": {
              "basis": "200px",
              "shrink": 0
            },
            "propConfig": {
              "props.value": {
                "binding": {
                  "config": {
                    "bidirectional": true,
                    "path": "view.params.value"
                  },
                  "type": "property"
                }
              }
            },
            "props": {
              "align": "center",
              "format": "0,0",
              "style": {
                "fontSize": 17,
                "height": "50px"
              }
            },
            "type": "ia.input.numeric-entry-field"
          }
        ],
        "meta": {
          "name": "numeric_cont"
        },
        "position": {
          "basis": "50px",
          "shrink": 0
        },
        "propConfig": {
          "position.display": {
            "binding": {
              "config": {
                "expression": "if({view.params.field_type}\u003d\"numeric\", true, false)"
              },
              "type": "expr"
            }
          }
        },
        "props": {
          "justify": "space-between"
        },
        "type": "ia.container.flex"
      },
      {
        "children": [
          {
            "meta": {
              "name": "Label"
            },
            "position": {
              "basis": "50px",
              "shrink": 0
            },
            "propConfig": {
              "props.text": {
                "binding": {
                  "config": {
                    "path": "view.params.name"
                  },
                  "type": "property"
                }
              }
            },
            "props": {
              "style": {
                "marginLeft": 8
              }
            },
            "type": "ia.display.label"
          },
          {
            "meta": {
              "name": "dropdown"
            },
            "position": {
              "basis": "200px",
              "shrink": 0
            },
            "propConfig": {
              "props.options": {
                "binding": {
                  "config": {
                    "path": "view.params.dropdown_options"
                  },
                  "type": "property"
                }
              },
              "props.value": {
                "binding": {
                  "config": {
                    "path": "view.params.value"
                  },
                  "type": "property"
                }
              }
            },
            "props": {
              "style": {
                "textAlign": "center"
              },
              "textAlign": "center"
            },
            "type": "ia.input.dropdown"
          }
        ],
        "meta": {
          "name": "dropdown_cont"
        },
        "position": {
          "basis": "50px",
          "shrink": 0
        },
        "propConfig": {
          "position.display": {
            "binding": {
              "config": {
                "expression": "if ({view.params.field_type}\u003d\"dropdown\",true,false)"
              },
              "type": "expr"
            }
          }
        },
        "props": {
          "justify": "space-between"
        },
        "type": "ia.container.flex"
      }
    ],
    "meta": {
      "name": "root"
    },
    "props": {
      "direction": "column"
    },
    "type": "ia.container.flex"
  }
}